Workbook

Sheet CATALOGO
A1: Lista de precios
A2: Corona | B2: 260000
A3: Implantes | B3: 1800000
A4: Carillas | B4: 190000
A5: Higiene | B5: 160000
A6: Caries | B6: 100000
A7: Transporte | B7: 800000
A8: Endodoncia | B8: 500000
A9: Preparación Puente | B9: 50000
A10: Coronas Puesta | B10: 80000
A11: Carillas Puesta | B11: 110000
A12: Corona Metal Porcelana | B12: 150000
A13: Corona en Ceromero | B13: 160000
... A37: Recorte de encia | B37: 80000

Sheet DENTISTA
B1: COSTO DENTISTA
B3: Egresos | D3: Cantidad | E3: Precio
B4: Higiene | D4: 1 | E4: =VLOOKUP(B4,CATALOGO!A:B,2,FALSE) -> 160000 | F4: =D4*E4 -> 160000
B5: Preparación Puente | D5: 3 | E5: =VLOOKUP(B5,CATALOGO!A:B,2,FALSE) -> 50000 | F5: =D5*E5 -> 150000
B6: Caries | D6: 2 | E6: =VLOOKUP(B6,CATALOGO!A:B,2,FALSE) -> 100000 | F6: =D6*E6 -> 200000
B7: Coronas Puesta | D7: 20 | E7: =VLOOKUP(B7,CATALOGO!A:B,2,FALSE) -> 80000 | F7: =D7*E7 -> 1600000
B8: Carillas Puesta | D8: 0 | E8: =VLOOKUP(B8,CATALOGO!A:B,2,FALSE) -> 110000 | F8: =D8*E8 -> 0
B9: Extracción diente | D9: 0 | E9: =VLOOKUP(B9,CATALOGO!A:B,2,FALSE) -> 50000 | F9: =D9*E9 -> 0
B10: Extracción cordales | D10: 3 | E10: =VLOOKUP(B10,CATALOGO!A:B,2,FALSE) -> 100000 | F10: =D10*E10 -> 300000
B11: Total de Egresos | F11: =SUM(F4:F10) -> 2410000

Sheet LABORATORIO
B1: COSTO LABORATORIO
B3: Egresos | D3: Cantidad | E3: Precio
B4: Corona
B5: Corona Metal Porcelana | D5: 20 | E5: =VLOOKUP(B5:B8,CATALOGO!A:B,2,FALSE) -> 150000 | F5: =D5*E5 -> 3000000
B6: Corona en Ceromero | D6: 0 | E6: =VLOOKUP(B6:B9,CATALOGO!A:B,2,FALSE) -> 160000 | F6: =D6*E6 -> 0
B7: Corona en Disilicato | D7: 0 | E7: =VLOOKUP(B7:B10,CATALOGO!A:B,2,FALSE) -> 230000 | F7: =D7*E7 -> 0
B8: Corona en Circonio | D8: 0 | E8: =VLOOKUP(B8:B11,CATALOGO!A:B,2,FALSE) -> 250000 | F8: =D8*E8 -> 0
B10: Incrustración Disilicato | D10: 0 | E10: =VLOOKUP(B10,CATALOGO!A:B,2,FALSE) -> 230000 | F10: =D10*E10 -> 0
B12: Carilla
B13: Carilla en Disilicato | D13: 10 | E13: =VLOOKUP(B13:B16,CATALOGO!A:B,2,FALSE) -> 230000 | F13: =D13*E13 -> 2300000
B14: Carilla en Ceromero | D14: 0 | E14: =VLOOKUP(B14:B17,CATALOGO!A:B,2,FALSE) -> 160000 | F14: =D14*E14 -> 0
B16: Provisional autocurado | D16: 0 | E16: =VLOOKUP(B16:B19,CATALOGO!A:B,2,FALSE) -> 30000 | F16: =D16*E16 -> 0
B17: Provisional termocurado | D17: 0 | E17: =VLOOKUP(B17:B20,CATALOGO!A:B,2,FALSE) -> 35000 | F17: =D17*E17 -> 0
B19: Placa extracomfort | D19: 1 | E19: =VLOOKUP(B19:B22,CATALOGO!A:B,2,FALSE) -> 160000 | F19: =D19*E19 -> 160000
B21: Protesis total o parcial | D21: 1 | E21: =VLOOKUP(B21:B24,CATALOGO!A:B,2,FALSE) -> 150000 | F21: =D21*E21 -> 150000
B23: Protesis inmediata | D23: 1 | E23: =VLOOKUP(B23:B26,CATALOGO!A:B,2,FALSE) -> 90000 | F23: =D23*E23 -> 90000
B25: Placa acetato | D25: 1 | E25: =VLOOKUP(B25:B28,CATALOGO!A:B,2,FALSE) -> 30000 | F25: =D25*E25 -> 30000
B27: Retenedor essix | D27: 4 | E27: =VLOOKUP(B27:B30,CATALOGO!A:B,2,FALSE) -> 30000 | F27: =D27*E27 -> 120000
B29: Encerado diagnostico | D29: 1 | E29: =VLOOKUP(B29:B32,CATALOGO!A:B,2,FALSE) -> 20000 | F29: =D29*E29 -> 20000
B31: Escaner | D31: 0 | E31: =VLOOKUP(B31:B33,CATALOGO!A:B,2,FALSE) -> 250000 | F31: =D31*E31 -> 0
B32: Total de Egresos | F32: =SUM(F5:F31) -> 5870000

Sheet IMPLANTOLOGO
B1: COSTO IMPLANTOLOGO
B3: Egresos | D3: Cantidad | E3: Precio
B4: Ingerto de Hueso | D4: 2 | E4: =VLOOKUP(B4,CATALOGO!A:B,2,FALSE) -> 300000 | F4: =D4*E4 -> 600000
B5: Rehabilitación de implante | D5: 1 | E5: =VLOOKUP(B5,CATALOGO!A:B,2,FALSE) -> 800000 | F5: =D5*E5 -> 800000
B6: Implantes | D6: 0 | E6: =VLOOKUP(B6,CATALOGO!A:B,2,FALSE) -> 1800000 | F6: =D6*E6 -> 0
B7: Total de Egresos | F7: =SUM(F4:F6) -> 1400000

Sheet PERIODONCISTA
B1: COSTO PERIODONCISTA
B3: Egresos | D3: Cantidad | E3: Precio
B4: Recorte de encia | D4: 0 | E4: =VLOOKUP(B4,CATALOGO!A:B,2,FALSE) -> 80000 | F4: =D4*E4 -> 0
B5: Raspado periodontal | D5: 0 | E5: =VLOOKUP(B5,CATALOGO!A:B,2,FALSE) -> 400000 | F5: =D5*E5 -> 0
B6: Total de Egresos | F6: =SUM(F4:F5) -> 0

Sheet ENDODONCISTA
B1: COSTO ENDODONCISTA
B3: Egresos | D3: Cantidad | E3: Precio
B4: Endodoncia | D4: 1 | E4: =VLOOKUP(B4,CATALOGO!A:B,2,FALSE) -> 500000 | F4: =D4*E4 -> 500000
B5: Total de Egresos | F5: =SUM(F4:F4) -> 500000

Sheet COTIZACIÓN
B1: COTIZACIÓN PACIENTES
B4: Egresos | D4: Unidad | E4: Precio
B5: Transporte | D5: 1 | E5: =VLOOKUP(COTIZACIÓN!B5,CATALOGO!A:B,2,FALSE) -> 800000 | F5: =D5*E5 -> 800000
B6: Hotel | D6: 4 | E6: =VLOOKUP(COTIZACIÓN!B6,CATALOGO!A:B,2,FALSE) -> 340000 | F6: =D6*E6 -> 1360000
B7: Laboratorio | F7: =LABORATORIO!F32 -> 5870000
B8: Dentista | F8: =DENTISTA!F11 -> 2410000
B9: Periodoncista | F9: =PERIODONCISTA!F6 -> 0
B10: Endodoncista | F10: =ENDODONCISTA!F5 -> 500000
B11: Implantologo | F11: =IMPLANTOLOGO!F7 -> 1400000
B12: Alimentación | D12: 1 | E12: =VLOOKUP(B12,CATALOGO!A:B,2,FALSE) -> 100000 | F12: =D12*E12 -> 100000
B13: Video y edición | D13: 1 | E13: =VLOOKUP(B13,CATALOGO!A:B,2,FALSE) -> 450000 | F13: =D13*E13 -> 450000
B14: Total de Egresos | F14: =SUM(F5:F13) -> 12890000
B16: Ganancia operacional | F16: 1000
B18: Total Cotización COP | F18: =SUM(F14+F16) -> 12891000
B19: Total Cotización USD | D19: Dólar Hoy | E19: 3500 | F19: =F18/E19 -> 3683.1429
B20: Total USD | F20: =ROUNDUP(F19,0) -> 3684
